BEGIN TRAN
commit tran
ROLLBACK TRAN

--ALTER TABLE SMODULO ADD ES_NUEVO TINYINT NULL
--UPDATE SMODULO SET ES_NUEVO = 0

--GENERAMOS LOS MODULOS ACTUALES PERO CON CLAVES DIFERENTES
INSERT INTO SMODULO (ID_MODULO, ID_MODULO_P, NOMBRE_MODULO, DESC_MODULO, RUTA_COMPONENTE, ACTIVO, ES_NUEVO)
SELECT ID_MODULO + 100000, 100000, NOMBRE_MODULO, DESC_MODULO, RUTA_COMPONENTE, ACTIVO, 1
FROM SMODULO 
WHERE ID_MODULO_P = 0
--HIJOS
INSERT INTO SMODULO (ID_MODULO, ID_MODULO_P, NOMBRE_MODULO, DESC_MODULO, RUTA_COMPONENTE, ACTIVO, ES_NUEVO)
SELECT ID_MODULO + 100000, ID_MODULO_P + 100000, NOMBRE_MODULO, DESC_MODULO, RUTA_COMPONENTE, ACTIVO, 1
FROM SMODULO 
WHERE ID_MODULO_P > 0 AND ES_NUEVO = 0

--SELECT * FROM SMODULO 
--SELECT * FROM RIDIOMA_MODULO

--MDULOS-PERFIL
INSERT INTO SMODULO_PERFIL (ID_PERFIL, ID_MODULO)
SELECT ID_PERFIL, ID_MODULO + 100000 FROM SMODULO_PERFIL --143

--A LOS NUEVOS MODULOS, TIENEN EL MODULO PADRE CUC
INSERT INTO RIDIOMA_MODULO (ID_IDIOMA, ID_MODULO, NOMBRE_MODULO)
SELECT ID_IDIOMA, I.ID_MODULO + 100000, I.NOMBRE_MODULO 
FROM RIDIOMA_MODULO I INNER JOIN SMODULO M ON I.ID_MODULO = M.ID_MODULO
WHERE M.ES_NUEVO = 0

INSERT INTO DETIQUETAS (ID_IDIOMA, ID_MODULO, CVE_ETIQUETA, DESCRIPCION)
SELECT ID_IDIOMA, ID_MODULO + 100000, CVE_ETIQUETA, DESCRIPCION FROM DETIQUETAS--1104
--SELECT * FROM DETIQUETAS 

DELETE SMODULO_PERFIL WHERE ID_MODULO IN (SELECT ID_MODULO FROM SMODULO WHERE ES_NUEVO = 0)
DELETE RIDIOMA_MODULO WHERE ID_MODULO IN (SELECT ID_MODULO FROM SMODULO WHERE ES_NUEVO = 0)
DELETE DETIQUETAS WHERE ID_MODULO IN (SELECT ID_MODULO FROM SMODULO WHERE ES_NUEVO = 0)
DELETE SMODULO WHERE ES_NUEVO = 0

SELECT * FROM SMODULO WHERE ES_NUEVO = 1
INSERT INTO SMODULO (ID_MODULO, ID_MODULO_P, NOMBRE_MODULO, DESC_MODULO, RUTA_COMPONENTE, ACTIVO, ES_NUEVO)
VALUES (100000, 0, 'CUC', 'MONJAS', '-', 1, 1)
INSERT INTO SMODULO (ID_MODULO, ID_MODULO_P, NOMBRE_MODULO, DESC_MODULO, RUTA_COMPONENTE, ACTIVO, ES_NUEVO)
VALUES (200000, 0, 'TIENDA', 'TIENDA', '-', 1, 1)
INSERT INTO SMODULO (ID_MODULO, ID_MODULO_P, NOMBRE_MODULO, DESC_MODULO, RUTA_COMPONENTE, ACTIVO, ES_NUEVO)
VALUES (210000, 200000, 'FAMILIAS', 'FAMILIAS', '-', 1, 1)
INSERT INTO SMODULO (ID_MODULO, ID_MODULO_P, NOMBRE_MODULO, DESC_MODULO, RUTA_COMPONENTE, ACTIVO, ES_NUEVO)
VALUES (220000, 200000, 'ARTICULOS', 'ARTICULOS', '-', 1, 1)
INSERT INTO SMODULO (ID_MODULO, ID_MODULO_P, NOMBRE_MODULO, DESC_MODULO, RUTA_COMPONENTE, ACTIVO, ES_NUEVO)
VALUES (280000, 200000, 'CONFIGURACIÓN', 'CONFIGURACIÓN', '-', 1, 1)
INSERT INTO SMODULO (ID_MODULO, ID_MODULO_P, NOMBRE_MODULO, DESC_MODULO, RUTA_COMPONENTE, ACTIVO, ES_NUEVO)
VALUES (280100, 280000, 'FAMILIAS', 'FAMILIAS', '-', 1, 1)
INSERT INTO SMODULO (ID_MODULO, ID_MODULO_P, NOMBRE_MODULO, DESC_MODULO, RUTA_COMPONENTE, ACTIVO, ES_NUEVO)
VALUES (280200, 280000, 'ARTICULOS', 'ARTICULOS', '-', 1, 1)
INSERT INTO SMODULO (ID_MODULO, ID_MODULO_P, NOMBRE_MODULO, DESC_MODULO, RUTA_COMPONENTE, ACTIVO, ES_NUEVO)
VALUES (280300, 280000, 'CONSIGNATARIOS', 'CONSIGNATARIOS', '-', 1, 1)

--IDIOMAS DE LOS NUEVO SMÓDULOS
--SELECT * FROM RIDIOMA_MODULO 
INSERT INTO RIDIOMA_MODULO (ID_IDIOMA, ID_MODULO, NOMBRE_MODULO) VALUES (1, 100000, 'CUC')
INSERT INTO RIDIOMA_MODULO (ID_IDIOMA, ID_MODULO, NOMBRE_MODULO) VALUES (2, 100000, 'CUC')
INSERT INTO RIDIOMA_MODULO (ID_IDIOMA, ID_MODULO, NOMBRE_MODULO) VALUES (1, 200000, 'TIENDA')
INSERT INTO RIDIOMA_MODULO (ID_IDIOMA, ID_MODULO, NOMBRE_MODULO) VALUES (2, 200000, 'SHOOPING')
INSERT INTO RIDIOMA_MODULO (ID_IDIOMA, ID_MODULO, NOMBRE_MODULO) VALUES (1, 210000, 'FAMILIAS')
INSERT INTO RIDIOMA_MODULO (ID_IDIOMA, ID_MODULO, NOMBRE_MODULO) VALUES (2, 210000, 'FAMILIES')
INSERT INTO RIDIOMA_MODULO (ID_IDIOMA, ID_MODULO, NOMBRE_MODULO) VALUES (1, 220000, 'ARTICULOS')
INSERT INTO RIDIOMA_MODULO (ID_IDIOMA, ID_MODULO, NOMBRE_MODULO) VALUES (2, 220000, 'PRODUCTS')
INSERT INTO RIDIOMA_MODULO (ID_IDIOMA, ID_MODULO, NOMBRE_MODULO) VALUES (1, 280000, 'CONFIGURACIÓN')
INSERT INTO RIDIOMA_MODULO (ID_IDIOMA, ID_MODULO, NOMBRE_MODULO) VALUES (2, 280000, 'CONFIGURATION')


INSERT INTO RIDIOMA_MODULO (ID_IDIOMA, ID_MODULO, NOMBRE_MODULO) VALUES (1, 280100, 'FAMILIAS')
INSERT INTO RIDIOMA_MODULO (ID_IDIOMA, ID_MODULO, NOMBRE_MODULO) VALUES (2, 280100, 'FAMILIES')
INSERT INTO RIDIOMA_MODULO (ID_IDIOMA, ID_MODULO, NOMBRE_MODULO) VALUES (1, 280200, 'ARTICULOS')
INSERT INTO RIDIOMA_MODULO (ID_IDIOMA, ID_MODULO, NOMBRE_MODULO) VALUES (2, 280200, 'PRODUCTS')
INSERT INTO RIDIOMA_MODULO (ID_IDIOMA, ID_MODULO, NOMBRE_MODULO) VALUES (1, 280300, 'CONSIGNATARIOS')
INSERT INTO RIDIOMA_MODULO (ID_IDIOMA, ID_MODULO, NOMBRE_MODULO) VALUES (2, 280300, 'CONSIGNEE')


--PERMISOS AL MÓDULO PRINCIPAL DE CUC PARA TODOS LOS PERFILES EXISTENTES
INSERT INTO SMODULO_PERFIL (ID_PERFIL, ID_MODULO) --VALUES (4, 100000) --CUC
SELECT ID_PERFIL, 100000 FROM SMODULO_PERFIL GROUP BY ID_PERFIL

-- SE REGISTRA A LOS PERFILE SINDICADOS LOS PERMISOS NECESARIOS
INSERT INTO SMODULO_PERFIL (ID_PERFIL, ID_MODULO) VALUES (4, 200000)--TIENDA
INSERT INTO SMODULO_PERFIL (ID_PERFIL, ID_MODULO) VALUES (4, 210000)--FAMILIAS
INSERT INTO SMODULO_PERFIL (ID_PERFIL, ID_MODULO) VALUES (4, 220000)--ARTICULOS

INSERT INTO SMODULO_PERFIL (ID_PERFIL, ID_MODULO) VALUES (4, 280000)--ARTICULOS
INSERT INTO SMODULO_PERFIL (ID_PERFIL, ID_MODULO) VALUES (4, 280100)--ARTICULOS
INSERT INTO SMODULO_PERFIL (ID_PERFIL, ID_MODULO) VALUES (4, 280200)--ARTICULOS
INSERT INTO SMODULO_PERFIL (ID_PERFIL, ID_MODULO) VALUES (4, 280300)--ARTICULOS

--ADMINISTRADOR
INSERT INTO SMODULO_PERFIL (ID_PERFIL, ID_MODULO) VALUES (1, 200000)--TIENDA
INSERT INTO SMODULO_PERFIL (ID_PERFIL, ID_MODULO) VALUES (1, 210000)--FAMILIAS
INSERT INTO SMODULO_PERFIL (ID_PERFIL, ID_MODULO) VALUES (1, 220000)--ARTICULOS

INSERT INTO SMODULO_PERFIL (ID_PERFIL, ID_MODULO) VALUES (1, 280000)--ARTICULOS
INSERT INTO SMODULO_PERFIL (ID_PERFIL, ID_MODULO) VALUES (1, 280100)--ARTICULOS
INSERT INTO SMODULO_PERFIL (ID_PERFIL, ID_MODULO) VALUES (1, 280200)--ARTICULOS
INSERT INTO SMODULO_PERFIL (ID_PERFIL, ID_MODULO) VALUES (1, 280300)--ARTICULOS


-- AHORA VAMOS A PONER LAS ETIQUETAS
--FAMILIAS
DELETE DETIQUETAS WHERE ID_MODULO = 280100
INSERT INTO DETIQUETAS (ID_IDIOMA, ID_MODULO, CVE_ETIQUETA, DESCRIPCION) VALUES (1,280100, 'titVentana', 'Catálogo de Familias')
INSERT INTO DETIQUETAS (ID_IDIOMA, ID_MODULO, CVE_ETIQUETA, DESCRIPCION) VALUES (1,280100, 'titVentanaIns', 'Familias')
INSERT INTO DETIQUETAS (ID_IDIOMA, ID_MODULO, CVE_ETIQUETA, DESCRIPCION) VALUES (1,280100, 'colNombre', 'Nombre')
INSERT INTO DETIQUETAS (ID_IDIOMA, ID_MODULO, CVE_ETIQUETA, DESCRIPCION) VALUES (1,280100, 'lblNombre', 'Nombre')
INSERT INTO DETIQUETAS (ID_IDIOMA, ID_MODULO, CVE_ETIQUETA, DESCRIPCION) VALUES (1,280100, 'btnAgregar', 'Agregar')
INSERT INTO DETIQUETAS (ID_IDIOMA, ID_MODULO, CVE_ETIQUETA, DESCRIPCION) VALUES (1,280100, 'btnEditar', 'Editar')
INSERT INTO DETIQUETAS (ID_IDIOMA, ID_MODULO, CVE_ETIQUETA, DESCRIPCION) VALUES (1,280100, 'btnAceptar', 'Aceptar')
INSERT INTO DETIQUETAS (ID_IDIOMA, ID_MODULO, CVE_ETIQUETA, DESCRIPCION) VALUES (1,280100, 'btnAsociarIMG', 'Asociar Imagen')
INSERT INTO DETIQUETAS (ID_IDIOMA, ID_MODULO, CVE_ETIQUETA, DESCRIPCION) VALUES (1,280100, 'lblIdioma', 'Idioma')
--INGLÉS
INSERT INTO DETIQUETAS (ID_IDIOMA, ID_MODULO, CVE_ETIQUETA, DESCRIPCION) VALUES (2,280100, 'titVentana', 'Families Catalog')
INSERT INTO DETIQUETAS (ID_IDIOMA, ID_MODULO, CVE_ETIQUETA, DESCRIPCION) VALUES (2,280100, 'titVentanaIns', 'Families')
INSERT INTO DETIQUETAS (ID_IDIOMA, ID_MODULO, CVE_ETIQUETA, DESCRIPCION) VALUES (2,280100, 'colNombre', 'Name')
INSERT INTO DETIQUETAS (ID_IDIOMA, ID_MODULO, CVE_ETIQUETA, DESCRIPCION) VALUES (2,280100, 'lblNombre', 'Name')
INSERT INTO DETIQUETAS (ID_IDIOMA, ID_MODULO, CVE_ETIQUETA, DESCRIPCION) VALUES (2,280100, 'btnAgregar', 'Add')
INSERT INTO DETIQUETAS (ID_IDIOMA, ID_MODULO, CVE_ETIQUETA, DESCRIPCION) VALUES (2,280100, 'btnEditar', 'Edit')
INSERT INTO DETIQUETAS (ID_IDIOMA, ID_MODULO, CVE_ETIQUETA, DESCRIPCION) VALUES (2,280100, 'btnAceptar', 'Aceppt')
INSERT INTO DETIQUETAS (ID_IDIOMA, ID_MODULO, CVE_ETIQUETA, DESCRIPCION) VALUES (2,280100, 'btnAsociarIMG', 'Assign Image')
INSERT INTO DETIQUETAS (ID_IDIOMA, ID_MODULO, CVE_ETIQUETA, DESCRIPCION) VALUES (2,280100, 'lblIdioma', 'Language')

--ARTICULOS
DELETE DETIQUETAS WHERE ID_MODULO = 280200
INSERT INTO DETIQUETAS (ID_IDIOMA, ID_MODULO, CVE_ETIQUETA, DESCRIPCION) VALUES (1,280200, 'titVentana', 'Catálogo de Artículos')
INSERT INTO DETIQUETAS (ID_IDIOMA, ID_MODULO, CVE_ETIQUETA, DESCRIPCION) VALUES (1,280200, 'titVentanaIns', 'Artículos')
INSERT INTO DETIQUETAS (ID_IDIOMA, ID_MODULO, CVE_ETIQUETA, DESCRIPCION) VALUES (1,280200, 'titVentanaEdit', 'Artículos')
INSERT INTO DETIQUETAS (ID_IDIOMA, ID_MODULO, CVE_ETIQUETA, DESCRIPCION) VALUES (1,280200, 'cmbFamilia', 'Familia')
INSERT INTO DETIQUETAS (ID_IDIOMA, ID_MODULO, CVE_ETIQUETA, DESCRIPCION) VALUES (1,280200, 'cmbEstatus', 'Estatus')
INSERT INTO DETIQUETAS (ID_IDIOMA, ID_MODULO, CVE_ETIQUETA, DESCRIPCION) VALUES (1,280200, 'cmbEstatusIns', 'Tipo o Familia')
INSERT INTO DETIQUETAS (ID_IDIOMA, ID_MODULO, CVE_ETIQUETA, DESCRIPCION) VALUES (1,280200, 'cmbEstatusEdit', 'Tipo o Familia')
INSERT INTO DETIQUETAS (ID_IDIOMA, ID_MODULO, CVE_ETIQUETA, DESCRIPCION) VALUES (1,280200, 'lblCveFabricanteIns', 'Clave Fabricante')
INSERT INTO DETIQUETAS (ID_IDIOMA, ID_MODULO, CVE_ETIQUETA, DESCRIPCION) VALUES (1,280200, 'lblPrecioIns', 'Precio con Impuesto')
INSERT INTO DETIQUETAS (ID_IDIOMA, ID_MODULO, CVE_ETIQUETA, DESCRIPCION) VALUES (1,280200, 'lblDescripcionIns', 'Descripción')
INSERT INTO DETIQUETAS (ID_IDIOMA, ID_MODULO, CVE_ETIQUETA, DESCRIPCION) VALUES (1,280200, 'lblDescDetalleIns', 'Descripción Detallada')
INSERT INTO DETIQUETAS (ID_IDIOMA, ID_MODULO, CVE_ETIQUETA, DESCRIPCION) VALUES (1,280200, 'lblCveFabricanteEdit', 'Clave Fabricante')
INSERT INTO DETIQUETAS (ID_IDIOMA, ID_MODULO, CVE_ETIQUETA, DESCRIPCION) VALUES (1,280200, 'lblPrecioEdit', 'Precio con Impuesto')
INSERT INTO DETIQUETAS (ID_IDIOMA, ID_MODULO, CVE_ETIQUETA, DESCRIPCION) VALUES (1,280200, 'lblDescripcionEdit', 'Descripción')
INSERT INTO DETIQUETAS (ID_IDIOMA, ID_MODULO, CVE_ETIQUETA, DESCRIPCION) VALUES (1,280200, 'lblDescDetalleEdit', 'Descripción Detallada')
INSERT INTO DETIQUETAS (ID_IDIOMA, ID_MODULO, CVE_ETIQUETA, DESCRIPCION) VALUES (1,280200, 'colClave', 'Clave')
INSERT INTO DETIQUETAS (ID_IDIOMA, ID_MODULO, CVE_ETIQUETA, DESCRIPCION) VALUES (1,280200, 'colDescripcion', 'Descripción')
INSERT INTO DETIQUETAS (ID_IDIOMA, ID_MODULO, CVE_ETIQUETA, DESCRIPCION) VALUES (1,280200, 'colFamilia', 'Familia')
INSERT INTO DETIQUETAS (ID_IDIOMA, ID_MODULO, CVE_ETIQUETA, DESCRIPCION) VALUES (1,280200, 'colPrecio', 'Precio con Impuesto')
INSERT INTO DETIQUETAS (ID_IDIOMA, ID_MODULO, CVE_ETIQUETA, DESCRIPCION) VALUES (1,280200, 'btnBuscar', 'Buscar')
INSERT INTO DETIQUETAS (ID_IDIOMA, ID_MODULO, CVE_ETIQUETA, DESCRIPCION) VALUES (1,280200, 'btnAgregar', 'Agregar')
INSERT INTO DETIQUETAS (ID_IDIOMA, ID_MODULO, CVE_ETIQUETA, DESCRIPCION) VALUES (1,280200, 'btnEditar', 'Editar')
INSERT INTO DETIQUETAS (ID_IDIOMA, ID_MODULO, CVE_ETIQUETA, DESCRIPCION) VALUES (1,280200, 'btnEliminar', 'Eliminar')
INSERT INTO DETIQUETAS (ID_IDIOMA, ID_MODULO, CVE_ETIQUETA, DESCRIPCION) VALUES (1,280200, 'btnActivar', 'Activar')
INSERT INTO DETIQUETAS (ID_IDIOMA, ID_MODULO, CVE_ETIQUETA, DESCRIPCION) VALUES (1,280200, 'btnExportar', 'Exportar')
INSERT INTO DETIQUETAS (ID_IDIOMA, ID_MODULO, CVE_ETIQUETA, DESCRIPCION) VALUES (1,280200, 'btnAceptarIns', 'Aceptar')
INSERT INTO DETIQUETAS (ID_IDIOMA, ID_MODULO, CVE_ETIQUETA, DESCRIPCION) VALUES (1,280200, 'btnAceptarEdit', 'Aceptar')
INSERT INTO DETIQUETAS (ID_IDIOMA, ID_MODULO, CVE_ETIQUETA, DESCRIPCION) VALUES (1,280200, 'btnAsociarIMG', 'Asociar Imagen')
INSERT INTO DETIQUETAS (ID_IDIOMA, ID_MODULO, CVE_ETIQUETA, DESCRIPCION) VALUES (1,280200, 'lblIdioma', 'Idioma')

--INGLÉS
--DELETE DETIQUETAS WHERE ID_MODULO = 280200
INSERT INTO DETIQUETAS (ID_IDIOMA, ID_MODULO, CVE_ETIQUETA, DESCRIPCION) VALUES (2,280200, 'titVentana', 'Products Catalog')
INSERT INTO DETIQUETAS (ID_IDIOMA, ID_MODULO, CVE_ETIQUETA, DESCRIPCION) VALUES (2,280200, 'titVentanaIns', 'Products')
INSERT INTO DETIQUETAS (ID_IDIOMA, ID_MODULO, CVE_ETIQUETA, DESCRIPCION) VALUES (2,280200, 'titVentanaEdit', 'Products')
INSERT INTO DETIQUETAS (ID_IDIOMA, ID_MODULO, CVE_ETIQUETA, DESCRIPCION) VALUES (2,280200, 'cmbFamilia', 'Family')
INSERT INTO DETIQUETAS (ID_IDIOMA, ID_MODULO, CVE_ETIQUETA, DESCRIPCION) VALUES (2,280200, 'cmbEstatus', 'Status')
INSERT INTO DETIQUETAS (ID_IDIOMA, ID_MODULO, CVE_ETIQUETA, DESCRIPCION) VALUES (2,280200, 'cmbEstatusIns', 'Type/Family')
INSERT INTO DETIQUETAS (ID_IDIOMA, ID_MODULO, CVE_ETIQUETA, DESCRIPCION) VALUES (2,280200, 'cmbEstatusEdit', 'Type/Family')
INSERT INTO DETIQUETAS (ID_IDIOMA, ID_MODULO, CVE_ETIQUETA, DESCRIPCION) VALUES (2,280200, 'lblCveFabricanteIns', 'Manufacturer''s code')
INSERT INTO DETIQUETAS (ID_IDIOMA, ID_MODULO, CVE_ETIQUETA, DESCRIPCION) VALUES (2,280200, 'lblPrecioIns', 'Price w/ taxes')
INSERT INTO DETIQUETAS (ID_IDIOMA, ID_MODULO, CVE_ETIQUETA, DESCRIPCION) VALUES (2,280200, 'lblDescripcionIns', 'Description')
INSERT INTO DETIQUETAS (ID_IDIOMA, ID_MODULO, CVE_ETIQUETA, DESCRIPCION) VALUES (2,280200, 'lblDescDetalleIns', 'Description in detail')
INSERT INTO DETIQUETAS (ID_IDIOMA, ID_MODULO, CVE_ETIQUETA, DESCRIPCION) VALUES (2,280200, 'lblCveFabricanteEdit', 'Manufacter''s code')
INSERT INTO DETIQUETAS (ID_IDIOMA, ID_MODULO, CVE_ETIQUETA, DESCRIPCION) VALUES (2,280200, 'lblPrecioEdit', 'Price w/ taxes')
INSERT INTO DETIQUETAS (ID_IDIOMA, ID_MODULO, CVE_ETIQUETA, DESCRIPCION) VALUES (2,280200, 'lblDescripcionEdit', 'Description')
INSERT INTO DETIQUETAS (ID_IDIOMA, ID_MODULO, CVE_ETIQUETA, DESCRIPCION) VALUES (2,280200, 'lblDescDetalleEdit', 'Description in detail')
INSERT INTO DETIQUETAS (ID_IDIOMA, ID_MODULO, CVE_ETIQUETA, DESCRIPCION) VALUES (2,280200, 'colClave', 'Code')
INSERT INTO DETIQUETAS (ID_IDIOMA, ID_MODULO, CVE_ETIQUETA, DESCRIPCION) VALUES (2,280200, 'colDescripcion', 'Description')
INSERT INTO DETIQUETAS (ID_IDIOMA, ID_MODULO, CVE_ETIQUETA, DESCRIPCION) VALUES (2,280200, 'colFamilia', 'Family')
INSERT INTO DETIQUETAS (ID_IDIOMA, ID_MODULO, CVE_ETIQUETA, DESCRIPCION) VALUES (2,280200, 'colPrecio', 'Price')
INSERT INTO DETIQUETAS (ID_IDIOMA, ID_MODULO, CVE_ETIQUETA, DESCRIPCION) VALUES (2,280200, 'btnBuscar', 'Find')
INSERT INTO DETIQUETAS (ID_IDIOMA, ID_MODULO, CVE_ETIQUETA, DESCRIPCION) VALUES (2,280200, 'btnAgregar', 'Add')
INSERT INTO DETIQUETAS (ID_IDIOMA, ID_MODULO, CVE_ETIQUETA, DESCRIPCION) VALUES (2,280200, 'btnEditar', 'Edit')
INSERT INTO DETIQUETAS (ID_IDIOMA, ID_MODULO, CVE_ETIQUETA, DESCRIPCION) VALUES (2,280200, 'btnEliminar', 'Delete')
INSERT INTO DETIQUETAS (ID_IDIOMA, ID_MODULO, CVE_ETIQUETA, DESCRIPCION) VALUES (2,280200, 'btnActivar', 'Activate')
INSERT INTO DETIQUETAS (ID_IDIOMA, ID_MODULO, CVE_ETIQUETA, DESCRIPCION) VALUES (2,280200, 'btnExportar', 'Export')
INSERT INTO DETIQUETAS (ID_IDIOMA, ID_MODULO, CVE_ETIQUETA, DESCRIPCION) VALUES (2,280200, 'btnAceptarIns', 'Accept')
INSERT INTO DETIQUETAS (ID_IDIOMA, ID_MODULO, CVE_ETIQUETA, DESCRIPCION) VALUES (2,280200, 'btnAceptarEdit', 'Accept')
INSERT INTO DETIQUETAS (ID_IDIOMA, ID_MODULO, CVE_ETIQUETA, DESCRIPCION) VALUES (2,280200, 'btnAsociarIMG', 'Assign Image')
INSERT INTO DETIQUETAS (ID_IDIOMA, ID_MODULO, CVE_ETIQUETA, DESCRIPCION) VALUES (2,280200, 'lblIdioma', 'Language')

--CONSIGNATARIOS
DELETE DETIQUETAS WHERE ID_MODULO = 280300
INSERT INTO DETIQUETAS (ID_IDIOMA, ID_MODULO, CVE_ETIQUETA, DESCRIPCION) VALUES (1,280300, 'titVentana', 'Consignatarios')
INSERT INTO DETIQUETAS (ID_IDIOMA, ID_MODULO, CVE_ETIQUETA, DESCRIPCION) VALUES (1,280300, 'titComunidad', 'Comunidad')
INSERT INTO DETIQUETAS (ID_IDIOMA, ID_MODULO, CVE_ETIQUETA, DESCRIPCION) VALUES (1,280300, 'titVentanaEdit', 'Consignación')
INSERT INTO DETIQUETAS (ID_IDIOMA, ID_MODULO, CVE_ETIQUETA, DESCRIPCION) VALUES (1,280300, 'lblComunidad', 'Comunidad')
INSERT INTO DETIQUETAS (ID_IDIOMA, ID_MODULO, CVE_ETIQUETA, DESCRIPCION) VALUES (1,280300, 'lblNombre', 'Nombre del Consignatario')
INSERT INTO DETIQUETAS (ID_IDIOMA, ID_MODULO, CVE_ETIQUETA, DESCRIPCION) VALUES (1,280300, 'lblComunidadEdit', 'Comunidad')
INSERT INTO DETIQUETAS (ID_IDIOMA, ID_MODULO, CVE_ETIQUETA, DESCRIPCION) VALUES (1,280300, 'lblNombreEdit', 'Nombre del Consignatario')
INSERT INTO DETIQUETAS (ID_IDIOMA, ID_MODULO, CVE_ETIQUETA, DESCRIPCION) VALUES (1,280300, 'colComunidad', 'Comunidad')
INSERT INTO DETIQUETAS (ID_IDIOMA, ID_MODULO, CVE_ETIQUETA, DESCRIPCION) VALUES (1,280300, 'colNombre', 'Consignatario')
INSERT INTO DETIQUETAS (ID_IDIOMA, ID_MODULO, CVE_ETIQUETA, DESCRIPCION) VALUES (1,280300, 'lblComunidadVta', 'Comunidad')
INSERT INTO DETIQUETAS (ID_IDIOMA, ID_MODULO, CVE_ETIQUETA, DESCRIPCION) VALUES (1,280300, 'lblPais', 'Pais')
INSERT INTO DETIQUETAS (ID_IDIOMA, ID_MODULO, CVE_ETIQUETA, DESCRIPCION) VALUES (1,280300, 'btnAgregar', 'Agregar')
INSERT INTO DETIQUETAS (ID_IDIOMA, ID_MODULO, CVE_ETIQUETA, DESCRIPCION) VALUES (1,280300, 'btnEditar', 'Editar')
INSERT INTO DETIQUETAS (ID_IDIOMA, ID_MODULO, CVE_ETIQUETA, DESCRIPCION) VALUES (1,280300, 'btnEliminar', 'Eliminar')
INSERT INTO DETIQUETAS (ID_IDIOMA, ID_MODULO, CVE_ETIQUETA, DESCRIPCION) VALUES (1,280300, 'btnAceptar', 'Aceptar')
INSERT INTO DETIQUETAS (ID_IDIOMA, ID_MODULO, CVE_ETIQUETA, DESCRIPCION) VALUES (1,280300, 'btnAceptarEdit', 'Aceptar')

--INGLÉS
INSERT INTO DETIQUETAS (ID_IDIOMA, ID_MODULO, CVE_ETIQUETA, DESCRIPCION) VALUES (2,280300, 'titVentana', 'Consignees')
INSERT INTO DETIQUETAS (ID_IDIOMA, ID_MODULO, CVE_ETIQUETA, DESCRIPCION) VALUES (2,280300, 'titComunidad', 'Comunity')
INSERT INTO DETIQUETAS (ID_IDIOMA, ID_MODULO, CVE_ETIQUETA, DESCRIPCION) VALUES (2,280300, 'titVentanaEdit', 'Consignee')
INSERT INTO DETIQUETAS (ID_IDIOMA, ID_MODULO, CVE_ETIQUETA, DESCRIPCION) VALUES (2,280300, 'lblComunidad', 'Comunity')
INSERT INTO DETIQUETAS (ID_IDIOMA, ID_MODULO, CVE_ETIQUETA, DESCRIPCION) VALUES (2,280300, 'lblNombre', 'Name')
INSERT INTO DETIQUETAS (ID_IDIOMA, ID_MODULO, CVE_ETIQUETA, DESCRIPCION) VALUES (2,280300, 'lblComunidadEdit', 'Comunity')
INSERT INTO DETIQUETAS (ID_IDIOMA, ID_MODULO, CVE_ETIQUETA, DESCRIPCION) VALUES (2,280300, 'lblNombreEdit', 'Name')
INSERT INTO DETIQUETAS (ID_IDIOMA, ID_MODULO, CVE_ETIQUETA, DESCRIPCION) VALUES (2,280300, 'colComunidad', 'Comunity')
INSERT INTO DETIQUETAS (ID_IDIOMA, ID_MODULO, CVE_ETIQUETA, DESCRIPCION) VALUES (2,280300, 'colNombre', 'Consignee')
INSERT INTO DETIQUETAS (ID_IDIOMA, ID_MODULO, CVE_ETIQUETA, DESCRIPCION) VALUES (2,280300, 'lblComunidadVta', 'Comunity')
INSERT INTO DETIQUETAS (ID_IDIOMA, ID_MODULO, CVE_ETIQUETA, DESCRIPCION) VALUES (2,280300, 'lblPais', 'Country')
INSERT INTO DETIQUETAS (ID_IDIOMA, ID_MODULO, CVE_ETIQUETA, DESCRIPCION) VALUES (2,280300, 'btnAgregar', 'Add')
INSERT INTO DETIQUETAS (ID_IDIOMA, ID_MODULO, CVE_ETIQUETA, DESCRIPCION) VALUES (2,280300, 'btnEditar', 'Edit')
INSERT INTO DETIQUETAS (ID_IDIOMA, ID_MODULO, CVE_ETIQUETA, DESCRIPCION) VALUES (2,280300, 'btnEliminar', 'Delete')
INSERT INTO DETIQUETAS (ID_IDIOMA, ID_MODULO, CVE_ETIQUETA, DESCRIPCION) VALUES (2,280300, 'btnAceptar', 'Accept')
INSERT INTO DETIQUETAS (ID_IDIOMA, ID_MODULO, CVE_ETIQUETA, DESCRIPCION) VALUES (2,280300, 'btnAceptarEdit', 'Accept')


--ESTATUS DE CAJA
INSERT INTO CESTATUS_CAJA (DESC_ESTATUS_CAJA ) VALUES ('ABIERTA') --1
INSERT INTO CESTATUS_CAJA (DESC_ESTATUS_CAJA ) VALUES ('CERRADA') --2
INSERT INTO RIDIOMA_ESTATUS_CAJA (ID_IDIOMA, ID_ESTATUS_CAJA, DESC_ESTATUS_CAJA) VALUES (1, 1, 'ABIERTA')
INSERT INTO RIDIOMA_ESTATUS_CAJA (ID_IDIOMA, ID_ESTATUS_CAJA, DESC_ESTATUS_CAJA) VALUES (2, 1, 'OPENED')
INSERT INTO RIDIOMA_ESTATUS_CAJA (ID_IDIOMA, ID_ESTATUS_CAJA, DESC_ESTATUS_CAJA) VALUES (1, 2, 'CERRADA')
INSERT INTO RIDIOMA_ESTATUS_CAJA (ID_IDIOMA, ID_ESTATUS_CAJA, DESC_ESTATUS_CAJA) VALUES (2, 2, 'CLOSED')
--SELECT * FROM RIDIOMA_ESTATUS_CAJA 

--MENSAJES NUEVOS!
--SELECT * FROM SMENSAJES
INSERT INTO SMENSAJES (ID_MENSAJE, DESC_MENSAJE, CVE_TIPO_MSG, ACTIVO) VALUES (35, 'No es posible abrir una nueva Caja. El usuario ya tiene una Caja abierta.', 'A', 1)
INSERT INTO RIDIOMA_MENSAJE (ID_IDIOMA, ID_MENSAJE, DESC_MENSAJE) VALUES (1, 35, 'No es posible abrir una nueva Caja. El usuario ya tiene una Caja abierta.')
INSERT INTO RIDIOMA_MENSAJE (ID_IDIOMA, ID_MENSAJE, DESC_MENSAJE) VALUES (2, 35, 'Can not open a new Cash. User has a Opened Cash already.')
INSERT INTO SMENSAJES (ID_MENSAJE, DESC_MENSAJE, CVE_TIPO_MSG, ACTIVO) VALUES (36, 'La Caja se ha abierto correctamente.', 'A', 1)
INSERT INTO RIDIOMA_MENSAJE (ID_IDIOMA, ID_MENSAJE, DESC_MENSAJE) VALUES (1, 36, 'La Caja se ha abierto correctamente.')
INSERT INTO RIDIOMA_MENSAJE (ID_IDIOMA, ID_MENSAJE, DESC_MENSAJE) VALUES (2, 36, 'Cash has Opened successfully.')

--SELECT * FROM RIDIOMA_MENSAJE where id_mensaje = 36
--SELECT * FROM DETIQUETAS WHERE CVE_ETIQUETA = 'btnEliminar'

--ALTER TABLE RIDIOMA_ESTATUS_CAJA ADD DESC_ESTATUS_CAJA NVARCHAR(10) NOT NULL
--SP_CMB_ESTATUS_aCTIVO 1
--SELECT * FROM DETIQUETAS WHERE ID_MODULO = 280100

SP_GET_VALIDA_INICIO_SESION  'TESO', '09a7676480b2da892164cb1ad50414dc'

SP_GET_OBTEN_MODULOS_PERFIL  @ID_PERFIL = 4, @ID_MODULO_PRINCIPAL = 200000

SELECT * FROM SPERFIL